######################################################################
# MPPGv3: Rapid Connect (First Data Nashville/Omaha/North)
######################################################################

[user] -> value supplied by user
[a|b] -> value chosen by user
{tag} -> EMV reader data
(tag) -> MPPG response data

Amounts are in cents only (e.g. $123.45 is entered as "12345")

======================================================================
SALE/AUTHORIZE
Method: ProcessEMVSRED
======================================================================
<soapenv:Envelope
	xmlns:sys="http://schemas.datacontract.org/2004/07/System.Collections.Generic"
	xmlns:mpp1="http://schemas.datacontract.org/2004/07/MPPGv3WS.Core"
	xmlns:mpp="http://www.magensa.net/MPPGv3/"
	xmlns:soapenv="http://schemas.xmlsoap.org/soap/envelope/">
	<soapenv:Header/>
	<soapenv:Body>
		<mpp:ProcessEMVSRED>
			<mpp:ProcessEMVSREDRequests>
				<mpp1:ProcessEMVSREDRequest>
					<mpp1:Authentication>
						<mpp1:CustomerCode>[user]</mpp1:CustomerCode>
						<mpp1:Password>[user]</mpp1:Password>
						<mpp1:Username>[user]</mpp1:Username>
					</mpp1:Authentication>
					<mpp1:CustomerTransactionID>[user]</mpp1:CustomerTransactionID>
					<mpp1:EMVSREDInput>
						<mpp1:EMVSREDData>[{ARQC} | {DFDF59}]</mpp1:EMVSREDData>
						<mpp1:EncryptionType>{DFDF57}</mpp1:EncryptionType>
						<mpp1:KSN>{DFDF56}</mpp1:KSN>
						<mpp1:NumberOfPaddedBytes>[0 (for ARQC) | {DFDF58} (for DFDF59)]</mpp1:NumberOfPaddedBytes>
						<mpp1:PaymentMode>[EMV|MagStripe]</mpp1:PaymentMode>
					</mpp1:EMVSREDInput>
					<mpp1:TransactionInput>
						<mpp1:Amount>[user]</mpp1:Amount>
						<mpp1:ProcessorName>Rapid Connect v3 - [Pilot|Production]</mpp1:ProcessorName>
						<mpp1:TransactionInputDetails>
							<sys:KeyValuePairOfstringstring>
								<sys:key>MerchCatCode</sys:key>
								<sys:value>[user]</sys:value>
							</sys:KeyValuePairOfstringstring>
							<!--Optional:-->
							<sys:KeyValuePairOfstringstring>
								<sys:key>PartAuthrztnApprvlCapablt</sys:key>
								<sys:value>[0|1]</sys:value>
							</sys:KeyValuePairOfstringstring>
							<!--Optional:-->
							<sys:KeyValuePairOfstringstring>
								<sys:key> MerchName </sys:key>
								<sys:value>[user]</sys:value>
							</sys:KeyValuePairOfstringstring>
							<!--Optional:-->
							<sys:KeyValuePairOfstringstring>
								<sys:key> MerchAddr </sys:key>
								<sys:value>[user]</sys:value>
							</sys:KeyValuePairOfstringstring>
							<!--Optional:-->
							<sys:KeyValuePairOfstringstring>
								<sys:key> MerchCity </sys:key>
								<sys:value>[user]</sys:value>
							</sys:KeyValuePairOfstringstring>
							<!--Optional:-->
							<sys:KeyValuePairOfstringstring>
								<sys:key> MerchState</sys:key>
								<sys:value>[user]</sys:value>
							</sys:KeyValuePairOfstringstring>
							<!--Optional:-->
							<sys:KeyValuePairOfstringstring>
								<sys:key> MerchPostalCode</sys:key>
								<sys:value>[user]</sys:value>
							</sys:KeyValuePairOfstringstring>
						</mpp1:TransactionInputDetails>
						<mpp1:TransactionType>[SALE|AUTHORIZE]</mpp1:TransactionType>
					</mpp1:TransactionInput>
				</mpp1:ProcessEMVSREDRequest>
			</mpp:ProcessEMVSREDRequests>
		</mpp:ProcessEMVSRED>
	</soapenv:Body>
</soapenv:Envelope>


======================================================================
CAPTURE/VOID/REFUND
Method: ProcessToken
======================================================================
<soapenv:Envelope
	xmlns:soapenv="http://schemas.xmlsoap.org/soap/envelope/"
	xmlns:mpp="http://www.magensa.net/MPPGv3/"
	xmlns:mpp1="http://schemas.datacontract.org/2004/07/MPPGv3WS.Core"
	xmlns:sys="http://schemas.datacontract.org/2004/07/System.Collections.Generic">
	<soapenv:Header/>
	<soapenv:Body>
		<mpp:ProcessToken>
			<mpp:ProcessTokenRequests>
				<mpp1:ProcessTokenRequest>
					<mpp1:AdditionalRequestData>
						<sys:KeyValuePairOfstringstring>
							<sys:key>PayloadResponse</sys:key>
							<sys:value Encoding="cdata">(ProcessorResponse)</sys:value>
						</sys:KeyValuePairOfstringstring>
					</mpp1:AdditionalRequestData>
					<mpp1:Authentication>
						<mpp1:CustomerCode>[user]</mpp1:CustomerCode>
						<mpp1:Password>[user]</mpp1:Password>
						<mpp1:Username>[user]</mpp1:Username>
					</mpp1:Authentication>
					<mpp1:CustomerTransactionID>[user]</mpp1:CustomerTransactionID>
					<mpp1:Token>(Token)</mpp1:Token>
					<mpp1:TransactionInput>
						<mpp1:Amount>[user]</mpp1:Amount>
						<mpp1:ProcessorName>Rapid Connect v3 - [Pilot|Production]</mpp1:ProcessorName>
						<mpp1:TransactionInputDetails>
							<sys:KeyValuePairOfstringstring>
								<sys:key>MerchCatCode</sys:key>
								<sys:value>[user]</sys:value>
							</sys:KeyValuePairOfstringstring>
							<!--Optional:-->
							<sys:KeyValuePairOfstringstring>
								<sys:key>PartAuthrztnApprvlCapablt</sys:key>
								<sys:value>[0|1]</sys:value>
							</sys:KeyValuePairOfstringstring>
						</mpp1:TransactionInputDetails>
						<mpp1:TransactionType>[CAPTURE|VOID|REFUND]</mpp1:TransactionType>
					</mpp1:TransactionInput>
				</mpp1:ProcessTokenRequest>
			</mpp:ProcessTokenRequests>
		</mpp:ProcessToken>
	</soapenv:Body>
</soapenv:Envelope>
