######################################################################
# Chase (Orbital)
######################################################################
[user] -> value supplied by user
[a|b] -> value chosen by user
{tag} -> EMV reader data
(tag) -> MPPG response data

Amounts are in cents only (e.g. $123.45 is entered as "12345")

======================================================================
SALE/AUTHORIZE
Method: ProcessEMVSRED
======================================================================
<soapenv:Envelope
	xmlns:soapenv="http://schemas.xmlsoap.org/soap/envelope/"
	xmlns:mpp="http://www.magensa.net/MPPGv3/"
	xmlns:mpp1="http://schemas.datacontract.org/2004/07/MPPGv3WS.Core"
	xmlns:sys="http://schemas.datacontract.org/2004/07/System.Collections.Generic">
	<soapenv:Header/>
	<soapenv:Body>
		<mpp:ProcessEMVSRED>
			<mpp:ProcessEMVSREDRequests>
				<mpp1:ProcessEMVSREDRequest>
					<mpp1:Authentication>
						<mpp1:CustomerCode>[user]</mpp1:CustomerCode>
						<mpp1:Password>[user]</mpp1:Password>
						<mpp1:Username>[user]</mpp1:Username>
					</mpp1:Authentication>
					<mpp1:CustomerTransactionID>[user]</mpp1:CustomerTransactionID>
					<mpp1:EMVSREDInput>
						<mpp1:EMVSREDData>{ARQC}</mpp1:EMVSREDData>
						<mpp1:EncryptionType>80</mpp1:EncryptionType>
						<mpp1:KSN>{DFDF56}</mpp1:KSN>
						<mpp1:NumberOfPaddedBytes>{DFDF58}</mpp1:NumberOfPaddedBytes>
						<mpp1:PaymentMode>[EMV|MagStripe]</mpp1:PaymentMode>
					</mpp1:EMVSREDInput>
					<mpp1:TransactionInput>
						<mpp1:Amount>[user]</mpp1:Amount>
						<mpp1:ProcessorName>Chase - [Pilot|Production]</mpp1:ProcessorName>
						<mpp1:TransactionInputDetails>
							<sys:KeyValuePairOfstringstring>
								<!--Optional:-->
								<sys:key>partialAuthInd</sys:key>
								<sys:value>[N|Y]</sys:value>
							</sys:KeyValuePairOfstringstring>
						</mpp1:TransactionInputDetails>
						<mpp1:TransactionType>[SALE|AUTHORIZE]</mpp1:TransactionType>
					</mpp1:TransactionInput>
				</mpp1:ProcessEMVSREDRequest>
			</mpp:ProcessEMVSREDRequests>
		</mpp:ProcessEMVSRED>
	</soapenv:Body>
</soapenv:Envelope>


======================================================================
CAPTURE
Method: ProcessToken
======================================================================
<soapenv:Envelope
	xmlns:soapenv="http://schemas.xmlsoap.org/soap/envelope/"
	xmlns:mpp="http://www.magensa.net/MPPGv3/"
	xmlns:mpp1="http://schemas.datacontract.org/2004/07/MPPGv3WS.Core"
	xmlns:sys="http://schemas.datacontract.org/2004/07/System.Collections.Generic">
	<soapenv:Header/>
	<soapenv:Body>
		<mpp:ProcessToken>
			<mpp:ProcessTokenRequests>
				<mpp1:ProcessTokenRequest>
					<mpp1:Authentication>
						<mpp1:CustomerCode>[user]</mpp1:CustomerCode>
						<mpp1:Password>[user]</mpp1:Password>
						<mpp1:Username>[user]</mpp1:Username>
					</mpp1:Authentication>
					<mpp1:CustomerTransactionID></mpp1:CustomerTransactionID>
					<mpp1:Token>(Token)</mpp1:Token>
					<mpp1:TransactionInput>
						<mpp1:Amount>[user]</mpp1:Amount>
						<mpp1:ProcessorName>Chase - [Pilot|Production]</mpp1:ProcessorName>
						<mpp1:TransactionInputDetails>
							<sys:KeyValuePairOfstringstring>
								<sys:key>priorAuthCd</sys:key>
								<sys:value>(AuthCode)</sys:value>
							</sys:KeyValuePairOfstringstring>
						</mpp1:TransactionInputDetails>
						<mpp1:TransactionType>CAPTURE</mpp1:TransactionType>
					</mpp1:TransactionInput>
				</mpp1:ProcessTokenRequest>
			</mpp:ProcessTokenRequests>
		</mpp:ProcessToken>
	</soapenv:Body>
</soapenv:Envelope>


======================================================================
VOID: *** NOT SUPPORTED ***
======================================================================


======================================================================
REFUND
Method: ProcessReferenceID
======================================================================
<soapenv:Envelope
	xmlns:soapenv="http://schemas.xmlsoap.org/soap/envelope/"
	xmlns:mpp="http://www.magensa.net/MPPGv3/"
	xmlns:mpp1="http://schemas.datacontract.org/2004/07/MPPGv3WS.Core"
	xmlns:sys="http://schemas.datacontract.org/2004/07/System.Collections.Generic">
	<soapenv:Header/>
	<soapenv:Body>
		<mpp:ProcessReferenceID>
			<mpp:ProcessReferenceIDRequests>
				<mpp1:ProcessReferenceIDRequest>
					<mpp1:Authentication>
						<mpp1:CustomerCode>[user]</mpp1:CustomerCode>
						<mpp1:Password>[user]</mpp1:Password>
						<mpp1:Username>[user]</mpp1:Username>
					</mpp1:Authentication>
					<mpp1:CustomerTransactionID>[user]</mpp1:CustomerTransactionID>
					<mpp1:TransactionInput>
						<mpp1:Amount>[user]</mpp1:Amount>
						<mpp1:ProcessorName>Chase - [Pilot|Production]</mpp1:ProcessorName>
						<mpp1:TransactionType>REFUND</mpp1:TransactionType>
						<mpp1:ReferenceAuthCode>(AuthCode)</mpp1:ReferenceAuthCode>
						<mpp1:ReferenceTransactionID>(TransactionID)</mpp1:ReferenceTransactionID>
					</mpp1:TransactionInput>
				</mpp1:ProcessReferenceIDRequest>
			</mpp:ProcessReferenceIDRequests>
		</mpp:ProcessReferenceID>
	</soapenv:Body>
</soapenv:Envelope>
